token	rank
to	0
of	1
the	2
in	3
for	4
a	5
on	6
and	7
with	8
is	9
new	10
trump	11
man	12
from	13
at	14
about	15
you	16
this	17
by	18
after	19
be	20
how	21
out	22
it	23
as	24
that	25
up	26
not	27
are	28
your	29
what	30
his	31
who	32
just	33
he	34
us	35
will	36
has	37
more	38
all	39
report	40
into	41
why	42
one	43
have	44
over	45
area	46
donald	47
says	48
woman	49
can	50
day	51
no	52
its	53
like	54
time	55
her	56
get	57
first	58
people	59
trumps	60
an	61
now	62
i	63
obama	64
house	65
off	66
white	67
life	68
than	69
was	70
my	71
still	72
make	73
women	74
clinton	75
back	76
we	77
down	78
when	79
if	80
could	81
years	82
family	83
their	84
do	85
world	86
americans	87
before	88
way	89
they	90
most	91
gop	92
black	93
police	94
study	95
so	96
him	97
5	98
should	99
bill	100
watch	101
show	102
best	103
would	104
but	105
being	106
really	107
cant	108
american	109
only	110
know	111
president	112
home	113
school	114
year	115
or	116
video	117
things	118
death	119
during	120
say	121
good	122
love	123
health	124
finds	125
nation	126
too	127
parents	128
going	129
state	130
may	131
hillary	132
against	133
big	134
kids	135
need	136
mom	137
last	138
campaign	139
every	140
she	141
getting	142
right	143
gets	144
party	145
these	146
10	147
take	148
some	149
change	150
3	151
dead	152
work	153
little	154
makes	155
dont	156
calls	157
america	158
news	159
our	160
own	161
never	162
doesnt	163
court	164
look	165
heres	166
through	167
while	168
nations	169
want	170
other	171
john	172
child	173
stop	174
see	175
star	176
takes	177
go	178
where	179
real	180
local	181
again	182
next	183
even	184
election	185
office	186
college	187
hes	188
guy	189
gay	190
bush	191
2	192
war	193
dad	194
thing	195
them	196
got	197
another	198
plan	199
million	200
made	201
live	202
game	203
around	204
wants	205
dog	206
baby	207
finally	208
gun	209
week	210
job	211
help	212
friends	213
congress	214
wont	215
national	216
much	217
me	218
high	219
care	220
under	221
two	222
north	223
give	224
ever	225
shows	226
couple	227
climate	228
bad	229
actually	230
7	231
there	232
sex	233
ways	234
top	235
god	236
debate	237
students	238
media	239
been	240
season	241
mans	242
money	243
story	244
shooting	245
night	246
history	247
fight	248
better	249
trying	250
senate	251
making	252
teen	253
reveals	254
facebook	255
without	256
supreme	257
4	258
men	259
business	260
sexual	261
paul	262
old	263
face	264
attack	265
any	266
had	267
city	268
children	269
announces	270
were	271
pope	272
movie	273
introduces	274
friend	275
fire	276
everyone	277
6	278
son	279
food	280
away	281
government	282
york	283
law	284
great	285
think	286
former	287
entire	288
wedding	289
tv	290
end	291
enough	292
speech	293
pretty	294
found	295
does	296
coming	297
body	298
tell	299
james	300
come	301
call	302
sanders	303
find	304
film	305
deal	306
violence	307
support	308
republican	309
public	310
self	311
photos	312
part	313
keep	314
democrats	315
book	316
single	317
girls	318
girl	319
future	320
email	321
8	322
voters	323
use	324
talk	325
republicans	326
power	327
marriage	328
company	329
name	330
case	331
between	332
behind	333
states	334
presidential	335
im	336
human	337
christmas	338
thinks	339
morning	340
fans	341
doing	342
car	343
worlds	344
tax	345
something	346
security	347
run	348
releases	349
open	350
must	351
long	352
line	353
goes	354
boy	355
vote	356
used	357
race	358
days	359
asks	360
2016	361
very	362
twitter	363
student	364
rights	365
might	366
secret	367
killed	368
judge	369
didnt	370
because	371
already	372
win	373
times	374
sure	375
having	376
teacher	377
ryan	378
group	379
free	380
political	381
plans	382
obamacare	383
middle	384
department	385
ban	386
team	387
running	388
put	389
perfect	390
looking	391
art	392
20	393
poll	394
lets	395
inside	396
country	397
claims	398
room	399
music	400
missing	401
meet	402
everything	403
control	404
1	405
super	406
social	407
scientists	408
minutes	409
many	410
forced	411
each	412
bernie	413
unveils	414
until	415
texas	416
second	417
photo	418
head	419
ad	420
wife	421
talks	422
ready	423
michael	424
living	425
justice	426
california	427
youre	428
water	429
warns	430
set	431
secretary	432
red	433
person	434
once	435
mike	436
did	437
crisis	438
cancer	439
summer	440
pay	441
list	442
here	443
always	444
12	445
wins	446
wall	447
today	448
same	449
mother	450
looks	451
lives	452
let	453
father	454
wrong	455
womens	456
tells	457
record	458
full	459
comes	460
admits	461
taking	462
stars	463
save	464
kill	465
idea	466
heart	467
gives	468
female	469
dream	470
dies	471
candidate	472
biden	473
town	474
shot	475
shes	476
russia	477
reports	478
probably	479
letter	480
employee	481
three	482
thought	483
start	484
south	485
online	486
officials	487
nothing	488
lost	489
kim	490
isis	491
hot	492
fbi	493
cruz	494
working	495
tweets	496
talking	497
street	498
rock	499
place	500
needs	501
left	502
hours	503
george	504
francis	505
few	506
education	507
daughter	508
ceo	509
young	510
percent	511
past	512
march	513
hollywood	514
fucking	515
feel	516
director	517
congressman	518
yet	519
romney	520
questions	521
owner	522
korea	523
kind	524
chief	525
believe	526
attacks	527
ask	528
administration	529
washington	530
ted	531
service	532
problem	533
obamas	534
meeting	535
guide	536
birthday	537
age	538
thousands	539
someone	540
small	541
rise	542
moms	543
majority	544
less	545
happy	546
fan	547
eating	548
drug	549
class	550
chris	551
breaking	552
air	553
word	554
whats	555
together	556
tips	557
those	558
system	559
sleep	560
series	561
reason	562
phone	563
personal	564
months	565
moment	566
military	567
leaves	568
hell	569
9	570
restaurant	571
order	572
move	573
gift	574
federal	575
earth	576
cat	577
beautiful	578
assault	579
victims	580
told	581
stephen	582
rules	583
lot	584
leaders	585
latest	586
king	587
isnt	588
internet	589
holiday	590
fun	591
fox	592
box	593
americas	594
11	595
reasons	596
play	597
outside	598
message	599
mark	600
lessons	601
leave	602
jimmy	603
interview	604
hard	605
favorite	606
different	607
democratic	608
buy	609
2015	610
15	611
visit	612
travel	613
tom	614
scott	615
response	616
protest	617
prison	618
immigration	619
huffpost	620
hate	621
florida	622
excited	623
cover	624
community	625
celebrates	626
well	627
watching	628
special	629
shit	630
knows	631
kid	632
issues	633
ice	634
himself	635
cops	636
adorable	637
weekend	638
using	639
un	640
trip	641
since	642
relationship	643
nuclear	644
mothers	645
month	646
giving	647
front	648
following	649
fall	650
david	651
bring	652
birth	653
billion	654
anything	655
am	656
911	657
words	658
united	659
queer	660
offers	661
massive	662
least	663
investigation	664
hit	665
feels	666
drunk	667
conversation	668
china	669
become	670
union	671
totally	672
reality	673
powerful	674
politics	675
millions	676
killing	677
iran	678
chinese	679
break	680
bar	681
worried	682
turn	683
theyre	684
teens	685
taylor	686
surprise	687
stage	688
song	689
senator	690
russian	691
read	692
muslim	693
mass	694
hair	695
global	696
date	697
cop	698
candidates	699
awards	700
accused	701
50	702
30	703
turns	704
true	705
thinking	706
theres	707
sports	708
schools	709
hope	710
hits	711
employees	712
early	713
completely	714
trans	715
trailer	716
syrian	717
puts	718
point	719
pence	720
opens	721
longer	722
learned	723
huge	724
girlfriend	725
experience	726
dinner	727
dating	728
breaks	729
almost	730
waiting	731
third	732
straight	733
sign	734
reportedly	735
prince	736
post	737
nfl	738
leader	739
key	740
kardashian	741
joe	742
iraq	743
host	744
dance	745
worst	746
whole	747
whether	748
syria	749
spends	750
signs	751
returns	752
reform	753
policy	754
names	755
moving	756
final	757
fighting	758
ferguson	759
fashion	760
die	761
career	762
boys	763
apple	764
workers	765
weird	766
weeks	767
wearing	768
vows	769
users	770
suicide	771
return	772
possible	773
oscars	774
official	775
kills	776
force	777
center	778
called	779
biggest	780
advice	781
wars	782
transgender	783
struggling	784
store	785
stand	786
sick	787
remember	788
protesters	789
program	790
paris	791
nyc	792
michelle	793
ideas	794
hoping	795
hands	796
hall	797
five	798
decision	799
coffee	800
bus	801
audience	802
anniversary	803
100	804
worth	805
voice	806
steve	807
starting	808
space	809
rubio	810
risk	811
refugees	812
pregnant	813
poor	814
murder	815
moore	816
mind	817
members	818
light	819
late	820
industry	821
homeless	822
given	823
executive	824
crash	825
cool	826
beauty	827
artist	828
apartment	829
adds	830
across	831
abuse	832
2014	833
wishes	834
west	835
wait	836
university	837
suspect	838
success	839
road	840
question	841
peace	842
lose	843
keeps	844
jobs	845
iowa	846
important	847
hear	848
halloween	849
fear	850
eyes	851
dying	852
discover	853
chicago	854
carolina	855
ben	856
allegations	857
13	858
williams	859
which	860
walking	861
urges	862
st	863
seen	864
rest	865
receives	866
rally	867
problems	868
playing	869
planet	870
picture	871
oscar	872
older	873
major	874
magazine	875
kerry	876
hurricane	877
harry	878
hand	879
governor	880
easy	881
demands	882
cut	883
coworker	884
clearly	885
building	886
brings	887
board	888
amazon	889
amazing	890
album	891
act	892
abortion	893
2017	894
worse	895
voter	896
suggests	897
simple	898
shop	899
religious	900
queen	901
planned	902
park	903
mean	904
marijuana	905
male	906
lead	907
done	908
colbert	909
begins	910
arrested	911
youth	912
weight	913
uses	914
side	915
sean	916
san	917
said	918
reporter	919
plane	920
oil	921
movies	922
likely	923
learn	924
jr	925
humans	926
guys	927
google	928
general	929
fuck	930
football	931
families	932
emotional	933
economy	934
ebola	935
eat	936
east	937
doctor	938
deadly	939
church	940
bowl	941
amid	942
womans	943
website	944
try	945
tour	946
thats	947
test	948
snl	949
short	950
repeal	951
quietly	952
push	953
proud	954
prevent	955
press	956
pizza	957
performance	958
opening	959
officer	960
near	961
mental	962
loses	963
leaving	964
hilarious	965
fired	966
fake	967
driving	968
door	969
desperate	970
data	971
culture	972
crime	973
close	974
card	975
apologizes	976
anyone	977
address	978
actor	979
winter	980
vacation	981
train	982
trade	983
throws	984
table	985
supporters	986
soon	987
senators	988
sad	989
review	990
reminds	991
racist	992
number	993
matter	994
manager	995
lgbt	996
leading	997
lawsuit	998
jenner	999
immigrants	1000
hour	1001
hero	1002
harassment	1003
green	1004
foreign	1005
finding	1006
feeling	1007
fathers	1008
far	1009
eye	1010
evidence	1011
elizabeth	1012
dogs	1013
documentary	1014
demand	1015
defense	1016
dark	1017
dads	1018
crowd	1019
coworkers	1020
chicken	1021
chance	1022
budget	1023
boss	1024
battle	1025
asking	1026
voting	1027
threat	1028
telling	1029
sweet	1030
style	1031
spring	1032
spend	1033
skin	1034
shares	1035
scandal	1036
results	1037
residents	1038
private	1039
passes	1040
nice	1041
netflix	1042
nearly	1043
mayor	1044
kelly	1045
hotel	1046
hopes	1047
hasnt	1048
grandma	1049
fails	1050
event	1051
eric	1052
died	1053
depression	1054
congressional	1055
color	1056
christian	1057
check	1058
bathroom	1059
band	1060
apparently	1061
among	1062
according	1063
went	1064
walk	1065
tweet	1066
toward	1067
thanks	1068
slams	1069
role	1070
robert	1071
reveal	1072
responds	1073
rape	1074
putting	1075
perfectly	1076
learning	1077
jones	1078
jeff	1079
israel	1080
hospital	1081
honor	1082
historical	1083
harvey	1084
funding	1085
forward	1086
financial	1087
faces	1088
episode	1089
epa	1090
doctors	1091
daily	1092
couples	1093
clean	1094
celebrity	1095
caught	1096
beer	1097
arent	1098
also	1099
airport	1100
ahead	1101
activists	1102
yes	1103
wish	1104
tired	1105
terrible	1106
teachers	1107
swift	1108
staff	1109
spot	1110
sound	1111
sons	1112
shut	1113
saying	1114
sales	1115
reading	1116
protect	1117
olympic	1118
nasa	1119
miss	1120
met	1121
loves	1122
loved	1123
loss	1124
legal	1125
leads	1126
jeb	1127
issue	1128
incredible	1129
holding	1130
helping	1131
healthy	1132
gold	1133
giant	1134
gave	1135
despite	1136
create	1137
concerned	1138
committee	1139
comey	1140
celebrate	1141
carpet	1142
border	1143
blue	1144
award	1145
airlines	1146
40	1147
17	1148
wondering	1149
truth	1150
tree	1151
steps	1152
sea	1153
science	1154
royal	1155
roy	1156
retirement	1157
raise	1158
probe	1159
player	1160
pick	1161
pass	1162
orders	1163
named	1164
market	1165
lunch	1166
lady	1167
jennifer	1168
hundreds	1169
happened	1170
half	1171
flight	1172
fda	1173
explains	1174
energy	1175
driver	1176
dreams	1177
dozens	1178
dnc	1179
divorce	1180
dear	1181
dc	1182
convention	1183
comments	1184
bob	1185
blood	1186
bank	1187
avoid	1188
announce	1189
afghanistan	1190
action	1191
youll	1192
whos	1193
votes	1194
turkey	1195
threatens	1196
thanksgiving	1197
suit	1198
stay	1199
spending	1200
speaks	1201
six	1202
send	1203
scene	1204
release	1205
promises	1206
primary	1207
points	1208
museum	1209
mexican	1210
medical	1211
means	1212
louis	1213
launch	1214
killer	1215
jesus	1216
happens	1217
guns	1218
ground	1219
golden	1220
experts	1221
dress	1222
commercial	1223
cold	1224
cities	1225
cia	1226
ceremony	1227
boyfriend	1228
bear	1229
attempt	1230
writing	1231
wild	1232
tries	1233
surprised	1234
stunning	1235
speak	1236
somehow	1237
share	1238
sends	1239
sees	1240
seeing	1241
released	1242
refuses	1243
refugee	1244
recalls	1245
realizes	1246
puerto	1247
moves	1248
martin	1249
marco	1250
london	1251
lgbtq	1252
lawyer	1253
justin	1254
insurance	1255
instagram	1256
growing	1257
friday	1258
floor	1259
fast	1260
failed	1261
explain	1262
enters	1263
domestic	1264
customers	1265
continue	1266
cnn	1267
character	1268
cast	1269
came	1270
brother	1271
al	1272
accidentally	1273
wanted	1274
turning	1275
tim	1276
taken	1277
subway	1278
stupid	1279
seconds	1280
ride	1281
rick	1282
recipes	1283
others	1284
onto	1285
movement	1286
mccain	1287
marketing	1288
magical	1289
labor	1290
guilty	1291
greatest	1292
funniest	1293
french	1294
freedom	1295
failure	1296
ends	1297
elderly	1298
common	1299
club	1300
claim	1301
brown	1302
books	1303
becomes	1304
bag	1305
average	1306
asked	1307
archives	1308
works	1309
worker	1310
vs	1311
trial	1312
toddler	1313
theater	1314
terror	1315
tech	1316
stuck	1317
stories	1318
shouldnt	1319
search	1320
roundup	1321
rich	1322
rare	1323
pull	1324
popular	1325
network	1326
meal	1327
married	1328
low	1329
level	1330
johnson	1331
husband	1332
hurt	1333
holds	1334
heard	1335
glass	1336
games	1337
form	1338
forces	1339
focus	1340
dangerous	1341
citizens	1342
charges	1343
changes	1344
chair	1345
allegedly	1346
aid	1347
ago	1348
2018	1349
virginia	1350
valentines	1351
unable	1352
trevor	1353
treatment	1354
track	1355
took	1356
thrones	1357
suddenly	1358
sets	1359
secrets	1360
sale	1361
safe	1362
runs	1363
recommends	1364
price	1365
polls	1366
please	1367
planning	1368
numbers	1369
nra	1370
muslims	1371
mouth	1372
member	1373
mad	1374
laws	1375
launches	1376
jim	1377
itself	1378
increase	1379
holidays	1380
historic	1381
helps	1382
hearing	1383
guest	1384
gas	1385
forever	1386
festival	1387
exactly	1388
diversity	1389
disney	1390
desk	1391
deep	1392
decides	1393
customer	1394
critics	1395
controversial	1396
complete	1397
comedy	1398
civil	1399
brain	1400
bird	1401
bed	1402
anymore	1403
animals	1404
18	1405
16	1406
yourself	1407
window	1408
weapons	1409
warning	1410
vice	1411
update	1412
truck	1413
tears	1414
target	1415
survivors	1416
stuff	1417
strategy	1418
spent	1419
soccer	1420
slowly	1421
shutdown	1422
sense	1423
sarah	1424
safety	1425
ruling	1426
rule	1427
ring	1428
researchers	1429
research	1430
racism	1431
protests	1432
pride	1433
presidents	1434
pool	1435
paper	1436
paid	1437
olympics	1438
ohio	1439
nominee	1440
nba	1441
mcconnell	1442
machine	1443
losing	1444
kate	1445
iphone	1446
international	1447
injured	1448
higher	1449
groups	1450
grandmother	1451
gap	1452
four	1453
fix	1454
else	1455
discovered	1456
disaster	1457
currently	1458
clintons	1459
clear	1460
christie	1461
choice	1462
charged	1463
changing	1464
changed	1465
cars	1466
camp	1467
calling	1468
cabinet	1469
broken	1470
beat	1471
beach	1472
awesome	1473
annual	1474
allows	1475
writer	1476
viral	1477
vatican	1478
universe	1479
theory	1480
television	1481
strike	1482
stress	1483
species	1484
smart	1485
sitting	1486
site	1487
serious	1488
schumer	1489
saudi	1490
sandwich	1491
rep	1492
putin	1493
process	1494
prize	1495
pop	1496
pet	1497
per	1498
pays	1499
parking	1500
parenting	1501
pants	1502
offer	1503
noah	1504
neighborhood	1505
naked	1506
model	1507
mitch	1508
missile	1509
misconduct	1510
mexico	1511
meets	1512
meat	1513
matt	1514
link	1515
lawyers	1516
joke	1517
island	1518
interest	1519
intelligence	1520
inauguration	1521
immigrant	1522
horse	1523
honors	1524
happen	1525
gender	1526
fit	1527
figures	1528
falls	1529
faith	1530
fair	1531
fail	1532
equality	1533
effort	1534
disappointed	1535
diet	1536
debuts	1537
debt	1538
created	1539
crazy	1540
course	1541
continues	1542
confirms	1543
childs	1544
challenge	1545
catholic	1546
camera	1547
breakfast	1548
boehner	1549
awkward	1550
authorities	1551
attempts	1552
alone	1553
absolutely	1554
within	1555
winning	1556
welcome	1557
warren	1558
wake	1559
visiting	1560
uber	1561
then	1562
tale	1563
station	1564
silence	1565
sentence	1566
senior	1567
realize	1568
rate	1569
radio	1570
project	1571
players	1572
places	1573
mueller	1574
monday	1575
minister	1576
listen	1577
lack	1578
jury	1579
items	1580
instead	1581
inequality	1582
immediately	1583
horrible	1584
hold	1585
helped	1586
heads	1587
guard	1588
gone	1589
frustrated	1590
fraud	1591
fires	1592
easter	1593
drops	1594
drop	1595
drive	1596
drinking	1597
declares	1598
daughters	1599
cost	1600
concert	1601
chuck	1602
celebrities	1603
cause	1604
becoming	1605
bannon	1606
assures	1607
asian	1608
artists	1609
army	1610
app	1611
60	1612
—	1613
wouldnt	1614
weather	1615
violent	1616
view	1617
upcoming	1618
unaware	1619
throughout	1620
threats	1621
teach	1622
sunday	1623
struggle	1624
stops	1625
stock	1626
statue	1627
sorry	1628
skills	1629
screen	1630
samesex	1631
rnc	1632
richard	1633
reminder	1634
quick	1635
prime	1636
plastic	1637
picks	1638
peoples	1639
passengers	1640
owners	1641
nude	1642
nobody	1643
newspaper	1644
neighbors	1645
moon	1646
memorial	1647
matters	1648
mall	1649
likes	1650
lies	1651
legend	1652
lee	1653
leadership	1654
latino	1655
la	1656
journalists	1657
image	1658
gym	1659
grow	1660
fund	1661
films	1662
fifth	1663
escape	1664
era	1665
empty	1666
drag	1667
dick	1668
destroy	1669
delivers	1670
cup	1671
creative	1672
couldnt	1673
costs	1674
conservative	1675
companies	1676
classic	1677
chrissy	1678
channel	1679
campus	1680
buying	1681
bizarre	1682
attorney	1683
attention	1684
appearance	1685
angry	1686
agree	1687
14	1688
youve	1689
wine	1690
victory	1691
veteran	1692
vegas	1693
user	1694
trash	1695
training	1696
torture	1697
throw	1698
studio	1699
step	1700
singer	1701
shooter	1702
shocked	1703
saving	1704
saved	1705
santa	1706
rising	1707
rescue	1708
replace	1709
relieved	1710
progressive	1711
product	1712
premiere	1713
pregnancy	1714
passing	1715
parenthood	1716
parent	1717
onion	1718
offering	1719
nomination	1720
memory	1721
lobby	1722
legislation	1723
later	1724
kansas	1725
joy	1726
india	1727
illinois	1728
huffpollster	1729
horror	1730
held	1731
healthcare	1732
gps	1733
georgia	1734
funny	1735
fine	1736
fat	1737
failing	1738
facts	1739
emergency	1740
emails	1741
drugs	1742
disgusting	1743
cuts	1744
crew	1745
conference	1746
childrens	1747
burger	1748
blasts	1749
blames	1750
bid	1751
beginning	1752
begin	1753
bee	1754
barack	1755
ball	1756
asshole	1757
article	1758
anxiety	1759
african	1760
account	1761
access	1762
won	1763
whatever	1764
weinstein	1765
wear	1766
warn	1767
vision	1768
trust	1769
tried	1770
total	1771
tiny	1772
themselves	1773
terrifying	1774
strong	1775
stranger	1776
starts	1777
standing	1778
songs	1779
smith	1780
serial	1781
sent	1782
saves	1783
rico	1784
raises	1785
pulls	1786
princess	1787
potential	1788
officers	1789
note	1790
nbc	1791
mr	1792
moments	1793
lifetime	1794
largest	1795
korean	1796
kimmel	1797
kanye	1798
journalist	1799
jon	1800
information	1801
ill	1802
honored	1803
hill	1804
herself	1805
hawaii	1806
hampshire	1807
guests	1808
generation	1809
funeral	1810
france	1811
foundation	1812
field	1813
features	1814
famous	1815
extra	1816
exclusive	1817
edge	1818
economic	1819
dr	1820
disease	1821
dirty	1822
democracy	1823
defends	1824
creepy	1825
credit	1826
cream	1827
corporate	1828
controversy	1829
conservatives	1830
clothes	1831
century	1832
cases	1833
busy	1834
bunch	1835
boring	1836
block	1837
bell	1838
answer	1839
amy	1840
along	1841
allow	1842
alabama	1843
africa	1844
addiction	1845
accident	1846
able	1847
zoo	1848
yoga	1849
visits	1850
viewers	1851
victim	1852
ultimate	1853
turned	1854
tribute	1855
threatened	1856
thank	1857
terrorism	1858
teigen	1859
technology	1860
such	1861
strikes	1862
strangers	1863
stewart	1864
spotted	1865
sources	1866
society	1867
snow	1868
several	1869
seriously	1870
seems	1871
seek	1872
rolls	1873
roll	1874
resigns	1875
remove	1876
recent	1877
reach	1878
quickly	1879
profile	1880
presidency	1881
orlando	1882
ones	1883
okay	1884
musical	1885
modern	1886
missed	1887
magic	1888
lucky	1889
looked	1890
literally	1891
lie	1892
legacy	1893
larry	1894
large	1895
kitchen	1896
keeping	1897
journey	1898
join	1899
islamic	1900
inmates	1901
illegal	1902
ii	1903
huckabee	1904
heaven	1905
headquarters	1906
happiness	1907
gifts	1908
fourth	1909
flying	1910
fish	1911
figure	1912
feet	1913
fame	1914
factory	1915
exhausted	1916
equal	1917
elections	1918
drone	1919
digital	1920
devos	1921
denies	1922
current	1923
criticism	1924
criminal	1925
cook	1926
content	1927
computer	1928
colorado	1929
cheney	1930
charity	1931
characters	1932
broadway	1933
boston	1934
baseball	1935
available	1936
argument	1937
approves	1938
anger	1939
alleged	1940
afghan	1941
acting	1942
90	1943
200	1944
waste	1945
wasnt	1946
value	1947
unsure	1948
uk	1949
trolls	1950
tony	1951
tonight	1952
thomas	1953
terrified	1954
suspended	1955
storm	1956
split	1957
sounds	1958
sort	1959
sessions	1960
section	1961
seat	1962
remains	1963
rebels	1964
quiet	1965
purchase	1966
proves	1967
protecting	1968
professor	1969
previously	1970
practice	1971
positive	1972
porn	1973
policies	1974
piece	1975
patients	1976
palestinian	1977
opinion	1978
needed	1979
mystery	1980
misses	1981
miles	1982
mcdonalds	1983
mars	1984
maher	1985
lower	1986
loud	1987
lone	1988
kylie	1989
kushner	1990
kevin	1991
jewish	1992
jail	1993
jack	1994
ivanka	1995
israeli	1996
iraqi	1997
increasingly	1998
incident	1999
homes	2000
ford	2001
finish	2002
feature	2003
farm	2004
expected	2005
epidemic	2006
enjoys	2007
enjoy	2008
english	2009
ellen	2010
drink	2011
details	2012
depressed	2013
deliver	2014
defend	2015
dancing	2016
cuba	2017
cruise	2018
creating	2019
countries	2020
corden	2021
confirm	2022
colleges	2023
closer	2024
cheese	2025
causes	2026
catch	2027
cash	2028
cards	2029
cake	2030
britney	2031
born	2032
bombing	2033
blame	2034
bin	2035
believes	2036
became	2037
author	2038
attend	2039
animal	2040
amount	2041
aims	2042
agents	2043
agent	2044
adult	2045
adam	2046
25	2047
write	2048
walks	2049
wage	2050
veterans	2051
v	2052
urban	2053
truly	2054
toy	2055
title	2056
ties	2057
therapy	2058
tea	2059
taught	2060
tank	2061
taco	2062
stone	2063
staffers	2064
spoof	2065
shootings	2066
shoot	2067
sexist	2068
sentenced	2069
row	2070
roommate	2071
rips	2072
resign	2073
repeatedly	2074
reduce	2075
reallife	2076
reaches	2077
racial	2078
quit	2079
prove	2080
proof	2081
pro	2082
prepares	2083
position	2084
population	2085
plays	2086
perry	2087
partner	2088
parody	2089
officially	2090
neil	2091
mitt	2092
mistakes	2093
mentally	2094
meditation	2095
maybe	2096
listening	2097
lines	2098
lawmakers	2099
laugh	2100
known	2101
knew	2102
kick	2103
jokes	2104
jessica	2105
jared	2106
impression	2107
horrified	2108
globes	2109
gather	2110
flag	2111
fears	2112
fantasy	2113
falling	2114
expect	2115
exchange	2116
everywhere	2117
eu	2118
elected	2119
double	2120
detroit	2121
decide	2122
decades	2123
davis	2124
dakota	2125
cute	2126
creator	2127
conflict	2128
childhood	2129
cheap	2130
charlottesville	2131
carson	2132
brand	2133
bomb	2134
boat	2135
bible	2136
beyond	2137
betsy	2138
behavior	2139
arrest	2140
arizona	2141
anderson	2142
ancient	2143
alert	2144
aging	2145
activist	2146
web	2147
wears	2148
van	2149
upset	2150
ukraine	2151
treat	2152
trapped	2153
transportation	2154
toxic	2155
thoughts	2156
text	2157
taste	2158
suspects	2159
survivor	2160
survive	2161
sues	2162
successful	2163
strength	2164
streets	2165
statement	2166
started	2167
starbucks	2168
speaking	2169
soul	2170
sleeping	2171
sit	2172
sister	2173
shirt	2174
shape	2175
seth	2176
sending	2177
searching	2178
rush	2179
rose	2180
returning	2181
responsible	2182
respect	2183
relief	2184
realizing	2185
quality	2186
promise	2187
poverty	2188
pounds	2189
potter	2190
pot	2191
poster	2192
politicians	2193
plant	2194
perspective	2195
path	2196
pain	2197
pack	2198
overweight	2199
outraged	2200
outbreak	2201
original	2202
ocean	2203
mysterious	2204
mission	2205
minute	2206
marine	2207
latinos	2208
las	2209
lake	2210
kaine	2211
joins	2212
jackson	2213
interior	2214
inspired	2215
impact	2216
idiot	2217
identity	2218
id	2219
iconic	2220
hitting	2221
highway	2222
heroin	2223
harder	2224
handle	2225
hackers	2226
gunman	2227
grave	2228
grammys	2229
graham	2230
gorgeous	2231
glasses	2232
german	2233
fly	2234
feelings	2235
enjoying	2236
either	2237
edition	2238
due	2239
drivers	2240
dressed	2241
directly	2242
delicious	2243
deaths	2244
de	2245
daniels	2246
dangers	2247
damage	2248
cross	2249
crimes	2250
crack	2251
council	2252
cooper	2253
contact	2254
confidence	2255
comedian	2256
code	2257
clock	2258
charge	2259
burns	2260
burning	2261
build	2262
bruce	2263
brothers	2264
broke	2265
brief	2266
breast	2267
bottle	2268
both	2269
barely	2270
banks	2271
appears	2272
anthem	2273
ambassador	2274
alive	2275
aides	2276
add	2277
actual	2278
academy	2279
abandoned	2280
400	2281
23	2282
10000	2283
zero	2284
workplace	2285
worked	2286
wolf	2287
winners	2288
weve	2289
weed	2290
valley	2291
usa	2292
updates	2293
unexpected	2294
type	2295
trouble	2296
troops	2297
traveling	2298
traffic	2299
touching	2300
toilet	2301
tillerson	2302
teaches	2303
taxes	2304
tape	2305
surprising	2306
summit	2307
strip	2308
steven	2309
startup	2310
stares	2311
source	2312
soldier	2313
solar	2314
singing	2315
shower	2316
shoots	2317
ship	2318
shelter	2319
shell	2320
sexually	2321
seeks	2322
secretly	2323
revolution	2324
remind	2325
remembers	2326
remaining	2327
records	2328
rachel	2329
puppy	2330
pulling	2331
programs	2332
prescription	2333
portrait	2334
pledges	2335
photographer	2336
pennsylvania	2337
penis	2338
patient	2339
pathetic	2340
painful	2341
pac	2342
normal	2343
netanyahu	2344
neighbor	2345
moved	2346
miracle	2347
milk	2348
mess	2349
melania	2350
loser	2351
links	2352
liberty	2353
letting	2354
lena	2355
land	2356
improve	2357
hosts	2358
hiv	2359
hints	2360
habits	2361
gross	2362
graduates	2363
gov	2364
gops	2365
glimpse	2366
gingrich	2367
genius	2368
gaza	2369
fridays	2370
fresh	2371
flu	2372
feminist	2373
fcc	2374
false	2375
expert	2376
europe	2377
ethics	2378
epic	2379
environment	2380
engagement	2381
ending	2382
egg	2383
discuss	2384
direct	2385
difference	2386
designer	2387
deserve	2388
dallas	2389
crying	2390
creates	2391
covered	2392
costume	2393
corruption	2394
consumers	2395
constitution	2396
conspiracy	2397
communities	2398
collection	2399
colin	2400
christ	2401
capital	2402
capable	2403
businesses	2404
british	2405
bold	2406
basketball	2407
base	2408
bans	2409
babies	2410
aunt	2411
attempting	2412
arms	2413
anyway	2414
amendment	2415
alzheimers	2416
adviser	2417
actress	2418
actors	2419
8yearold	2420
7yearold	2421
5yearold	2422
24	2423
younger	2424
writers	2425
workout	2426
willing	2427
welcomes	2428
w	2429
views	2430
version	2431
upon	2432
unless	2433
trick	2434
trend	2435
transition	2436
tough	2437
toll	2438
terrorist	2439
teenage	2440
sun	2441
stance	2442
spirit	2443
spicer	2444
speed	2445
spears	2446
speaker	2447
solve	2448
solution	2449
slightly	2450
sing	2451
silver	2452
sight	2453
shopping	2454
shoes	2455
shift	2456
shark	2457
shake	2458
scalia	2459
samantha	2460
rudy	2461
roger	2462
rex	2463
respond	2464
remain	2465
religion	2466
relationships	2467
recommend	2468
receive	2469
reaction	2470
rates	2471
rant	2472
rand	2473
quite	2474
qa	2475
purchases	2476
pulled	2477
pruitt	2478
provides	2479
prayers	2480
pledge	2481
plea	2482
pictures	2483
philadelphia	2484
peter	2485
period	2486
pentagon	2487
paying	2488
parade	2489
ok	2490
nursing	2491
nobel	2492
nick	2493
newly	2494
newborn	2495
navy	2496
natural	2497
monster	2498
mississippi	2499
minority	2500
minnesota	2501
migrants	2502
meyers	2503
memoir	2504
match	2505
los	2506
longtime	2507
linked	2508
led	2509
lamar	2510
jordan	2511
jersey	2512
ive	2513
italy	2514
intended	2515
inspires	2516
insane	2517
indian	2518
independence	2519
importance	2520
hunger	2521
humanity	2522
houses	2523
horrifying	2524
hole	2525
hide	2526
hed	2527
heartbreaking	2528
hates	2529
growth	2530
grateful	2531
grand	2532
grammy	2533
grace	2534
goodbye	2535
glad	2536
girlfriends	2537
garden	2538
fully	2539
freak	2540
frantically	2541
follow	2542
flavor	2543
finale	2544
filled	2545
fallon	2546
extremely	2547
expensive	2548
exercise	2549
execution	2550
eve	2551
endangered	2552
embarrassing	2553
earthquake	2554
dropped	2555
documents	2556
disorder	2557
dishes	2558
detail	2559
design	2560
defeat	2561
covers	2562
coverage	2563
cosby	2564
contest	2565
consumer	2566
considering	2567
connection	2568
confederate	2569
comfortable	2570
clip	2571
cleaning	2572
checks	2573
causing	2574
cats	2575
captures	2576
cannot	2577
brought	2578
bored	2579
bodies	2580
blast	2581
bikini	2582
bigger	2583
benefits	2584
benefit	2585
baltimore	2586
b	2587
attractive	2588
ass	2589
armed	2590
approval	2591
appear	2592
apology	2593
apart	2594
announcement	2595
ally	2596
afford	2597
affair	2598
ads	2599
accept	2600
ability	2601
80	2602
4yearold	2603
21	2604
zuckerberg	2605
zone	2606
zika	2607
youtube	2608
written	2609
worry	2610
wisconsin	2611
winner	2612
wildlife	2613
whose	2614
weak	2615
walker	2616
voices	2617
unemployed	2618
understand	2619
treats	2620
tracks	2621
todays	2622
thrown	2623
threatening	2624
theyve	2625
terrorists	2626
term	2627
ten	2628
surgery	2629
stick	2630
stays	2631
stands	2632
soda	2633
sniper	2634
shrimp	2635
shots	2636
shitty	2637
sexy	2638
setting	2639
selling	2640
seattle	2641
scientist	2642
saturday	2643
ruin	2644
river	2645
reviews	2646
retired	2647
resistance	2648
rescued	2649
reporters	2650
regular	2651
rather	2652
raising	2653
pushes	2654
proposed	2655
production	2656
posts	2657
politician	2658
plot	2659
played	2660
pipeline	2661
passenger	2662
panicked	2663
organization	2664
oregon	2665
novel	2666
nights	2667
nervous	2668
neck	2669
nature	2670
mostly	2671
michigan	2672
meghan	2673
marvel	2674
lights	2675
lesbian	2676
lebron	2677
league	2678
lawn	2679
lawmaker	2680
laden	2681
knowledge	2682
kept	2683
ken	2684
jason	2685
japanese	2686
j	2687
inspiring	2688
injury	2689
imagine	2690
images	2691
illness	2692
hypocrisy	2693
holy	2694
hires	2695
highly	2696
heroes	2697
haunted	2698
greece	2699
golf	2700
ghost	2701
gear	2702
gala	2703
gaga	2704
frozen	2705
forgotten	2706
forgot	2707
forget	2708
footage	2709
foot	2710
foods	2711
fitness	2712
finger	2713
favor	2714
familys	2715
essay	2716
entertainment	2717
enter	2718
endorses	2719
embarrassed	2720
electric	2721
eggs	2722
effects	2723
effective	2724
effect	2725
editor	2726
dumb	2727
drives	2728
dreamers	2729
drama	2730
donors	2731
don	2732
disabled	2733
developing	2734
deputy	2735
delivery	2736
deeply	2737
december	2738
damn	2739
crashes	2740
cracks	2741
cooking	2742
contract	2743
conditions	2744
completes	2745
companys	2746
committed	2747
coast	2748
coach	2749
cleveland	2750
challenges	2751
central	2752
census	2753
ceiling	2754
catches	2755
carter	2756
capture	2757
captain	2758
capitol	2759
caitlyn	2760
buys	2761
brilliant	2762
bridge	2763
bride	2764
brad	2765
boost	2766
blows	2767
blow	2768
bit	2769
birds	2770
bike	2771
beating	2772
bears	2773
backlash	2774
australian	2775
april	2776
answers	2777
angeles	2778
andrew	2779
anchor	2780
allowing	2781
allies	2782
aide	2783
agenda	2784
afraid	2785
affleck	2786
advocates	2787
admit	2788
70	2789
45	2790
19	2791
worldwide	2792
wonder	2793
wilson	2794
william	2795
western	2796
wave	2797
watched	2798
voted	2799
virus	2800
valuable	2801
urge	2802
ugly	2803
turkish	2804
tuesday	2805
trail	2806
tragedy	2807
toys	2808
tower	2809
touch	2810
tools	2811
tip	2812
tiger	2813
tied	2814
tests	2815
testimony	2816
teeth	2817
tattoo	2818
targets	2819
tall	2820
taliban	2821
sue	2822
strange	2823
stole	2824
staying	2825
status	2826
soldiers	2827
situation	2828
sites	2829
shocking	2830
shed	2831
shame	2832
sen	2833
sell	2834
seem	2835
seaworld	2836
scouts	2837
scientific	2838
saw	2839
sam	2840
ruins	2841
ruined	2842
routine	2843
rough	2844
roommates	2845
rohingya	2846
rocks	2847
reunion	2848
remote	2849
regret	2850
refusing	2851
rap	2852
raised	2853
pushed	2854
provide	2855
progress	2856
podcast	2857
platform	2858
pissed	2859
perform	2860
passed	2861
parks	2862
parkland	2863
palin	2864
page	2865
orleans	2866
oreilly	2867
orange	2868
opportunity	2869
oh	2870
obviously	2871
nurse	2872
nsfw	2873
newest	2874
net	2875
nato	2876
nails	2877
multiple	2878
moral	2879
mood	2880
montana	2881
miranda	2882
minor	2883
miller	2884
midnight	2885
middleaged	2886
microsoft	2887
memo	2888
medicine	2889
meals	2890
makeover	2891
lying	2892
lottery	2893
lord	2894
locked	2895
letters	2896
lesson	2897
lawrence	2898
lastminute	2899
language	2900
lane	2901
knowing	2902
khloe	2903
kennedy	2904
kendrick	2905
july	2906
jong	2907
joan	2908
jerry	2909
japan	2910
january	2911
jake	2912
jailed	2913
italian	2914
innocent	2915
inner	2916
increases	2917
impressed	2918
hunt	2919
houston	2920
hook	2921
hilariously	2922
highlights	2923
hidden	2924
heat	2925
hannity	2926
hamilton	2927
grief	2928
grandparents	2929
giuliani	2930
gilmore	2931
generations	2932
gates	2933
garbage	2934
fruit	2935
freshman	2936
francisco	2937
firing	2938
felt	2939
fate	2940
experiment	2941
exciting	2942
events	2943
entirely	2944
emerges	2945
eats	2946
easier	2947
duty	2948
dunham	2949
drinks	2950
drawer	2951
discrimination	2952
difficult	2953
determined	2954
determine	2955
detective	2956
demographic	2957
debates	2958
deals	2959
daddy	2960
cyrus	2961
crackdown	2962
couch	2963
constantly	2964
considered	2965
condemns	2966
commercials	2967
choose	2968
chinas	2969
chemical	2970
chef	2971
cheer	2972
charles	2973
chain	2974
cell	2975
celebrating	2976
casually	2977
cashier	2978
carrying	2979
calm	2980
brutal	2981
bringing	2982
brian	2983
bomber	2984
blocks	2985
blind	2986
billions	2987
beyoncé	2988
beef	2989
bacon	2990
backyard	2991
backs	2992
bachelor	2993
awareness	2994
autism	2995
australia	2996
attendees	2997
astronomers	2998
assistant	2999
arm	3000
arctic	3001
anonymous	3002
anne	3003
angel	3004
airline	3005
agrees	3006
agency	3007
accepts	3008
87	3009
yemen	3010
woods	3011
windows	3012
wind	3013
wildfire	3014
wasted	3015
warm	3016
walmart	3017
waitress	3018
videos	3019
updated	3020
undocumented	3021
tuesdays	3022
tshirt	3023
tourists	3024
tops	3025
thursdays	3026
throwing	3027
theme	3028
teaching	3029
surprises	3030
surgeon	3031
surge	3032
stormy	3033
stolen	3034
spill	3035
somewhere	3036
solo	3037
smoking	3038
smiling	3039
slow	3040
slide	3041
sky	3042
skip	3043
shuts	3044
shooters	3045
selfie	3046
seasons	3047
screaming	3048
score	3049
sadly	3050
round	3051
roof	3052
robot	3053
rises	3054
ridiculous	3055
revival	3056
revealed	3057
restore	3058
restaurants	3059
resolutions	3060
reported	3061
repeat	3062
regrets	3063
registry	3064
rating	3065
raid	3066
prosecutor	3067
proposal	3068
promised	3069
prom	3070
professional	3071
privacy	3072
prisoners	3073
pressure	3074
presents	3075
present	3076
prepare	3077
praises	3078
polling	3079
pm	3080
pitt	3081
pitch	3082
pit	3083
pills	3084
pile	3085
pieces	3086
phase	3087
personality	3088
panic	3089
palestinians	3090
ordered	3091
options	3092
option	3093
opposition	3094
openly	3095
oklahoma	3096
november	3097
nostalgic	3098
nightmare	3099
neutrality	3100
negative	3101
necessary	3102
native	3103
muhammad	3104
mirror	3105
minimum	3106
miley	3107
miami	3108
mentions	3109
meant	3110
master	3111
marks	3112
map	3113
makeup	3114
loving	3115
loose	3116
lived	3117
lindsey	3118
library	3119
leg	3120
laptop	3121
lands	3122
laid	3123
kristen	3124
kiss	3125
kentucky	3126
kasich	3127
josh	3128
jerusalem	3129
jay	3130
iranian	3131
involved	3132
investigating	3133
insists	3134
inmate	3135
initiative	3136
influence	3137
independent	3138
impossible	3139
ignore	3140
honoring	3141
honest	3142
hometown	3143
hiring	3144
heroic	3145
hearts	3146
grill	3147
graphic	3148
graduation	3149
gorsuch	3150
gore	3151
goddamn	3152
galaxy	3153
funds	3154
fundraising	3155
friendship	3156
frank	3157
floods	3158
fill	3159
fights	3160
feminism	3161
farmers	3162
facing	3163
exploring	3164
exit	3165
executives	3166
evolution	3167
european	3168
estate	3169
endorsement	3170
emma	3171
ed	3172
e	3173
draws	3174
drawing	3175
dollar	3176
disturbing	3177
disabilities	3178
directors	3179
develop	3180
desperately	3181
depressing	3182
depot	3183
delays	3184
cyber	3185
curry	3186
cry	3187
county	3188
costumes	3189
convinced	3190
contains	3191
construction	3192
consider	3193
confused	3194
closet	3195
classified	3196
chocolate	3197
charlie	3198
charleston	3199
ceos	3200
canceled	3201
cancel	3202
canadian	3203
californias	3204
button	3205
briefly	3206
bottom	3207
billy	3208
bills	3209
billionaire	3210
bieber	3211
basic	3212
bars	3213
audio	3214
atlanta	3215
aside	3216
archaeologists	3217
appeal	3218
antiabortion	3219
anthony	3220
annoying	3221
alternative	3222
alqaeda	3223
allowed	3224
allen	3225
alex	3226
agreement	3227
affordable	3228
affected	3229
adele	3230
added	3231
accusations	3232
accepting	3233
abusive	3234
abused	3235
98	3236
35	3237
27	3238
22	3239
12yearold	3240
wore	3241
wonders	3242
wings	3243
whites	3244
wheelchair	3245
wet	3246
welfare	3247
wealthy	3248
volunteer	3249
village	3250
values	3251
unknown	3252
uncomfortable	3253
twice	3254
turnout	3255
troubling	3256
trends	3257
treasury	3258
tragic	3259
traditional	3260
touts	3261
tourist	3262
toddlers	3263
timberlake	3264
theyll	3265
therapist	3266
thankful	3267
testing	3268
systems	3269
swimming	3270
swears	3271
suspected	3272
supporting	3273
suffering	3274
stunt	3275
stunned	3276
struggles	3277
string	3278
streep	3279
staffer	3280
square	3281
squad	3282
spouse	3283
spots	3284
spotlight	3285
spielberg	3286
specifically	3287
sparks	3288
spanish	3289
sometimes	3290
sole	3291
sold	3292
size	3293
sixth	3294
simpson	3295
siblings	3296
showing	3297
sheriff	3298
sharing	3299
shared	3300
shadow	3301
sexism	3302
settlement	3303
seniors	3304
selves	3305
seeking	3306
scary	3307
ron	3308
rolling	3309
robin	3310
rob	3311
risks	3312
riding	3313
rice	3314
retire	3315
responsibility	3316
removes	3317
removed	3318
remembering	3319
reboot	3320
rebel	3321
realized	3322
readers	3323
ray	3324
rain	3325
quiz	3326
pumpkin	3327
priest	3328
previous	3329
prep	3330
praise	3331
plate	3332
pink	3333
philip	3334
patrons	3335
panda	3336
overcome	3337
opioid	3338
oliver	3339
oceans	3340
obsession	3341
objects	3342
notice	3343
northern	3344
nominations	3345
newt	3346
nelson	3347
nancy	3348
n	3349
myths	3350
myth	3351
murdered	3352
mortgage	3353
mistaken	3354
mistake	3355
millennials	3356
meryl	3357
merger	3358
mention	3359
memories	3360
melt	3361
medicaid	3362
meaning	3363
math	3364
mate	3365
massacre	3366
maryland	3367
maps	3368
management	3369
luther	3370
louisiana	3371
lots	3372
limit	3373
levels	3374
laura	3375
kris	3376
koch	3377
kfc	3378
keys	3379
kellyanne	3380
kaepernick	3381
june	3382
judges	3383
journal	3384
johnny	3385
jill	3386
jet	3387
jenners	3388
jane	3389
irish	3390
irans	3391
involves	3392
investigate	3393
inspire	3394
informs	3395
indicted	3396
indiana	3397
income	3398
ignores	3399
husbands	3400
howard	3401
hopeful	3402
homeland	3403
hobby	3404
hire	3405
hiding	3406
hbo	3407
habit	3408
greek	3409
grandpa	3410
goals	3411
garage	3412
freaking	3413
folks	3414
flint	3415
flights	3416
flash	3417
flames	3418
feud	3419
fence	3420
feed	3421
february	3422
extreme	3423
expecting	3424
expectations	3425
exist	3426
exhibit	3427
evil	3428
everybody	3429
evening	3430
engaged	3431
encouraging	3432
embrace	3433
dvd	3434
dude	3435
draft	3436
dorm	3437
donates	3438
divorced	3439
discovers	3440
device	3441
destruction	3442
destroyed	3443
designed	3444
deserves	3445
dave	3446
dan	3447
curb	3448
criticized	3449
creators	3450
crawling	3451
craig	3452
corporations	3453
conversations	3454
confident	3455
concern	3456
complex	3457
compared	3458
comment	3459
commencement	3460
collapses	3461
closing	3462
clerk	3463
civilians	3464
circle	3465
christopher	3466
chase	3467
cbs	3468
caused	3469
carry	3470
carly	3471
carbon	3472
candy	3473
canada	3474
cameron	3475
cambridge	3476
cable	3477
bushs	3478
bull	3479
brooklyn	3480
britain	3481
brexit	3482
brazil	3483
boyfriends	3484
bond	3485
bitch	3486
billboard	3487
bias	3488
benghazi	3489
beloved	3490
bedroom	3491
baldwin	3492
bags	3493
bacteria	3494
background	3495
awkwardly	3496
awful	3497
austin	3498
attraction	3499
attacking	3500
arrives	3501
arrests	3502
approach	3503
appeals	3504
antitrump	3505
ann	3506
aliens	3507
alan	3508
acquires	3509
90s	3510
32	3511
300	3512
2yearold	3513
21st	3514
2012	3515
–	3516
yorkers	3517
wrote	3518
woody	3519
wisdom	3520
wildly	3521
whispers	3522
whale	3523
weighs	3524
weekly	3525
wednesdays	3526
weapon	3527
wakes	3528
visible	3529
virgin	3530
unveil	3531
uncle	3532
unarmed	3533
twist	3534
twins	3535
troubled	3536
trips	3537
tradition	3538
towards	3539
tomorrow	3540
ticket	3541
thompson	3542
tension	3543
tearful	3544
teams	3545
talent	3546
sxsw	3547
sustainable	3548
suspicious	3549
surveillance	3550
surface	3551
supposed	3552
supporter	3553
sums	3554
sugar	3555
sudden	3556
stores	3557
stopped	3558
stomach	3559
stealing	3560
steal	3561
staring	3562
standup	3563
standards	3564
stamps	3565
stadium	3566
springsteen	3567
spin	3568
spills	3569
souls	3570
solutions	3571
smartphone	3572
smaller	3573
slain	3574
services	3575
serena	3576
sequel	3577
separate	3578
sells	3579
selena	3580
scenes	3581
scared	3582
sauce	3583
sat	3584
sandy	3585
sandwiches	3586
salesman	3587
salad	3588
sachs	3589
russians	3590
russell	3591
roller	3592
rocky	3593
roberts	3594
ritual	3595
rings	3596
revenge	3597
restrictions	3598
resort	3599
resolution	3600
requires	3601
request	3602
reporting	3603
replacement	3604
remake	3605
rejects	3606
regularly	3607
referred	3608
reelection	3609
recovery	3610
recently	3611
recap	3612
reagan	3613
random	3614
rainbow	3615
rage	3616
radical	3617
races	3618
quotes	3619
qatar	3620
pushing	3621
pure	3622
proudly	3623
protester	3624
products	3625
producers	3626
priebus	3627
prices	3628
prefer	3629
prayer	3630
powers	3631
possibly	3632
poses	3633
populace	3634
pleads	3635
placed	3636
pilot	3637
physical	3638
phrase	3639
pets	3640
peters	3641
pen	3642
peers	3643
panel	3644
pair	3645
owns	3646
operator	3647
opened	3648
obsessed	3649
oath	3650
nypd	3651
nonsense	3652
nevada	3653
nationwide	3654
mourns	3655
mountain	3656
morris	3657
mondays	3658
missouri	3659
mine	3660
millennial	3661
menu	3662
melissa	3663
measles	3664
mcdonald	3665
mask	3666
mario	3667
mariah	3668
mainstream	3669
madness	3670
lyrics	3671
longterm	3672
location	3673
listing	3674
lisa	3675
lion	3676
linmanuel	3677
libya	3678
liberals	3679
liberal	3680
lazy	3681
lasting	3682
larger	3683
ladies	3684
kicks	3685
katy	3686
kardashians	3687
jongun	3688
islam	3689
irma	3690
intern	3691
interesting	3692
injuries	3693
infrastructure	3694
incredibly	3695
impressive	3696
ignoring	3697
icon	3698
hug	3699
huffington	3700
housing	3701
hotels	3702
horses	3703
horrific	3704
holocaust	3705
hey	3706
heritage	3707
helicopter	3708
heavy	3709
healing	3710
havent	3711
hat	3712
hashtag	3713
harrowing	3714
hanks	3715
halfway	3716
guitar	3717
grown	3718
grotesque	3719
groping	3720
grieving	3721
greater	3722
gray	3723
gratitude	3724
grant	3725
grandson	3726
grandfather	3727
graduate	3728
grab	3729
goldman	3730
goal	3731
gina	3732
germany	3733
gently	3734
genocide	3735
genetic	3736
gary	3737
gains	3738
furious	3739
franken	3740
frances	3741
founder	3742
fortune	3743
flynn	3744
flags	3745
firstever	3746
firm	3747
firefighter	3748
fiorina	3749
files	3750
file	3751
fiction	3752
fellow	3753
feds	3754
fed	3755
exposes	3756
explosion	3757
experiences	3758
excuse	3759
except	3760
ex	3761
essential	3762
espn	3763
entering	3764
endorse	3765
encourages	3766
empower	3767
empire	3768
emerge	3769
efforts	3770
editors	3771
eddie	3772
eaten	3773
donation	3774
donated	3775
doj	3776
document	3777
ditch	3778
disgusted	3779
development	3780
detained	3781
deportation	3782
dems	3783
decided	3784
debut	3785
dean	3786
daring	3787
danny	3788
daniel	3789
custody	3790
cups	3791
countrys	3792
corner	3793
corn	3794
cookie	3795
constant	3796
condition	3797
concerns	3798
complicated	3799
compares	3800
commission	3801
comics	3802
comic	3803
collapse	3804
cohen	3805
chick	3806
charlotte	3807
chaos	3808
chancellor	3809
chamber	3810
ceasefire	3811
cdc	3812
casual	3813
cancels	3814
camps	3815
campaigns	3816
butter	3817
bully	3818
bullet	3819
built	3820
builds	3821
bright	3822
briefing	3823
breathing	3824
breakup	3825
bread	3826
bought	3827
blake	3828
blacks	3829
bite	3830
bidens	3831
beyonce	3832
beings	3833
bastard	3834
barrier	3835
banana	3836
august	3837
asleep	3838
ariana	3839
apps	3840
apologize	3841
anywhere	3842
antimuslim	3843
antilgbt	3844
antigay	3845
alien	3846
aleppo	3847
aisle	3848
aids	3849
agriculture	3850
addresses	3851
activity	3852
accepted	3853
acceptance	3854
above	3855
aaron	3856
89	3857
6yearold	3858
50000	3859
500	3860
2020	3861
2000	3862
100000	3863
yorker	3864
yelp	3865
writes	3866
wonderful	3867
wise	3868
wildfires	3869
wifes	3870
watches	3871
warner	3872
wakeup	3873
waits	3874
vulnerable	3875
vp	3876
vladimir	3877
vietnam	3878
verizon	3879
utah	3880
urged	3881
unpopular	3882
unity	3883
unique	3884
unions	3885
uninsured	3886
underwear	3887
unclear	3888
turtle	3889
trillion	3890
tricks	3891
treated	3892
transforms	3893
transform	3894
tina	3895
tie	3896
tickets	3897
threw	3898
tensions	3899
tennis	3900
teases	3901
teaser	3902
taps	3903
sweater	3904
sweat	3905
survival	3906
supremacy	3907
supports	3908
superhero	3909
sunglasses	3910
suffer	3911
sued	3912
suck	3913
stuns	3914
studies	3915
sterling	3916
steak	3917
statements	3918
stamp	3919
spy	3920
spread	3921
spray	3922
spiritual	3923
spirits	3924
speakers	3925
southern	3926
soap	3927
sneaks	3928
snake	3929
smile	3930
smell	3931
slept	3932
sketch	3933
skeleton	3934
sits	3935
sitcom	3936
sisters	3937
simpsons	3938
simply	3939
silicon	3940
silent	3941
signature	3942
showed	3943
shoe	3944
shirtless	3945
shifts	3946
shelves	3947
shelf	3948
shades	3949
seven	3950
seats	3951
scout	3952
scholarship	3953
sanctuary	3954
safer	3955
rushes	3956
rural	3957
runway	3958
ruining	3959
ross	3960
roots	3961
rivers	3962
rihanna	3963
revealing	3964
resident	3965
republic	3966
rent	3967
remark	3968
relations	3969
rehab	3970
regulations	3971
reforms	3972
recipients	3973
recall	3974
reader	3975
react	3976
rats	3977
ratings	3978
rat	3979
rapper	3980
rae	3981
quits	3982
queens	3983
purchasing	3984
pulitzer	3985
publicist	3986
protesting	3987
productive	3988
produce	3989
procedure	3990
pretend	3991
preserve	3992
predator	3993
pr	3994
posting	3995
pollution	3996
podium	3997
pocket	3998
pleased	3999
pistorius	4000
pill	4001
picked	4002
permission	4003
performing	4004
pens	4005
pences	4006
penalty	4007
paula	4008
patrick	4009
pastor	4010
parts	4011
paradise	4012
panther	4013
paint	4014
pacific	4015
p	4016
oval	4017
outrage	4018
outfits	4019
opinions	4020
oldest	4021
offered	4022
obituary	4023
obesity	4024
obese	4025
nonprofit	4026
nominees	4027
nate	4028
nasty	4029
narrowly	4030
nail	4031
naacp	4032
myself	4033
musk	4034
musicians	4035
murphy	4036
mtv	4037
mouse	4038
motherhood	4039
monitor	4040
models	4041
mlb	4042
mix	4043
mit	4044
minds	4045
milo	4046
metoo	4047
merkel	4048
mens	4049
megyn	4050
measure	4051
matthew	4052
massachusetts	4053
martial	4054
markle	4055
maralago	4056
mail	4057
lynch	4058
lung	4059
lovers	4060
lover	4061
loans	4062
loan	4063
lincoln	4064
leaked	4065
leak	4066
lays	4067
laser	4068
kourtney	4069
koreas	4070
kong	4071
knife	4072
kit	4073
kings	4074
killings	4075
ketchup	4076
kenya	4077
karaoke	4078
justices	4079
jumps	4080
jump	4081
jrs	4082
jefferson	4083
jedi	4084
jazz	4085
islamophobia	4086
iron	4087
invited	4088
interests	4089
instructor	4090
instant	4091
innovation	4092
infant	4093
increased	4094
includes	4095
include	4096
inches	4097
illusion	4098
hugh	4099
hong	4100
hired	4101
heartwarming	4102
happening	4103
hanging	4104
hamas	4105
hairstyle	4106
gum	4107
guess	4108
grande	4109
gomez	4110
giants	4111
gentrification	4112
gene	4113
gays	4114
gang	4115
flooding	4116
flood	4117
finished	4118
filming	4119
fills	4120
filibuster	4121
feared	4122
fault	4123
fatal	4124
faster	4125
fact	4126
faa	4127
explaining	4128
explained	4129
expand	4130
everyday	4131
erupts	4132
equally	4133
encounter	4134
emmys	4135
emmy	4136
embracing	4137
elon	4138
elevator	4139
electoral	4140
el	4141
egypt	4142
edwards	4143
easily	4144
ease	4145
dustin	4146
drunken	4147
dropping	4148
drilling	4149
dresses	4150
drake	4151
doubt	4152
doritos	4153
dolphins	4154
dolphin	4155
dole	4156
district	4157
displays	4158
display	4159
discovery	4160
disclose	4161
directions	4162
diagnosis	4163
develops	4164
destroys	4165
designers	4166
dennys	4167
delta	4168
delay	4169
definition	4170
definitely	4171
deficit	4172
deemed	4173
decline	4174
decisions	4175
deceased	4176
decade	4177
dates	4178
damon	4179
daca	4180
cutting	4181
cure	4182
cruel	4183
critical	4184
criminals	4185
courts	4186
courage	4187
count	4188
corporation	4189
conway	4190
container	4191
considers	4192
consecutive	4193
confusing	4194
concrete	4195
concept	4196
compete	4197
comfort	4198
combat	4199
coat	4200
clue	4201
clown	4202
clooney	4203
clever	4204
ck	4205
citizenship	4206
cites	4207
cigarettes	4208
choices	4209
chipotle	4210
chelsea	4211
cheering	4212
cheaper	4213
charter	4214
channels	4215
certain	4216
castro	4217
castle	4218
cartoon	4219
caring	4220
carey	4221
carefully	4222
cannon	4223
butt	4224
businessman	4225
burned	4226
bureau	4227
bullying	4228
bubble	4229
breathe	4230
breakthrough	4231
brady	4232
braces	4233
bother	4234
boomers	4235
bobby	4236
blues	4237
blown	4238
blog	4239
blocking	4240
blaming	4241
bites	4242
bet	4243
bernardino	4244
bees	4245
beats	4246
batman	4247
bath	4248
barbecue	4249
ballot	4250
balloon	4251
balance	4252
bachelorette	4253
aziz	4254
attendant	4255
assure	4256
association	4257
arkansas	4258
arianna	4259
areas	4260
approve	4261
apply	4262
antilgbtq	4263
ansari	4264
annually	4265
annoyed	4266
aniston	4267
angela	4268
alton	4269
ali	4270
alcohol	4271
alaska	4272
airplane	4273
ages	4274
aftermath	4275
affect	4276
advertising	4277
adults	4278
adding	4279
accuses	4280
accounts	4281
absence	4282
abroad	4283
abc	4284
5000	4285
38	4286
2008	4287
20000	4288
zimmerman	4289
youd	4290
yelling	4291
xbox	4292
x	4293
wounded	4294
worn	4295
widow	4296
wheels	4297
whatsoever	4298
whales	4299
wells	4300
wednesday	4301
weddings	4302
wash	4303
vow	4304
virtual	4305
viewer	4306
vehicle	4307
vaccine	4308
vacationing	4309
utter	4310
usher	4311
urine	4312
upside	4313
uniform	4314
unicorn	4315
unhealthy	4316
types	4317
triple	4318
trees	4319
treating	4320
traveler	4321
tragically	4322
trading	4323
towns	4324
touched	4325
throat	4326
thin	4327
theaters	4328
temporarily	4329
teenagers	4330
tearfully	4331
targeting	4332
taped	4333
tap	4334
swing	4335
swimsuit	4336
swifts	4337
suspension	4338
surviving	4339
supremacist	4340
suffers	4341
subject	4342
styles	4343
struck	4344
strongly	4345
stressed	4346
stream	4347
strategies	4348
storms	4349
stirs	4350
stereotypes	4351
steam	4352
steals	4353
stations	4354
starving	4355
stampede	4356
spoilers	4357
spain	4358
soup	4359
sony	4360
snaps	4361
snack	4362
smooth	4363
slaying	4364
skull	4365
simon	4366
sikh	4367
signing	4368
shy	4369
sheer	4370
shaken	4371
sexuality	4372
sexiest	4373
session	4374
selfdriving	4375
scrambling	4376
scores	4377
scifi	4378
scare	4379
satisfying	4380
sanctions	4381
safely	4382
ryans	4383
rumsfeld	4384
rumors	4385
roast	4386
riot	4387
rio	4388
rhino	4389
reunites	4390
reunited	4391
returned	4392
retires	4393
resist	4394
resignation	4395
require	4396
requests	4397
repealed	4398
rented	4399
rejected	4400
reince	4401
reid	4402
region	4403
refrigerator	4404
reese	4405
recovering	4406
recipe	4407
recession	4408
realistic	4409
reads	4410
rapidly	4411
raped	4412
randomly	4413
rallies	4414
rabbit	4415
quest	4416
quarter	4417
punk	4418
proved	4419
protection	4420
promote	4421
profits	4422
producer	4423
prisoner	4424
princeton	4425
preview	4426
presentation	4427
presence	4428
postelection	4429
popes	4430
polar	4431
poet	4432
plus	4433
plunge	4434
planner	4435
pipe	4436
pig	4437
pic	4438
physically	4439
phones	4440
philly	4441
philippine	4442
petition	4443
pete	4444
performs	4445
pep	4446
pelosi	4447
pbs	4448
payment	4449
patricks	4450
passage	4451
parliament	4452
pardon	4453
pan	4454
pakistani	4455
paintings	4456
pages	4457
packed	4458
pace	4459
oxford	4460
organic	4461
oppose	4462
opponents	4463
opponent	4464
offended	4465
object	4466
ny	4467
nuts	4468
nukes	4469
nsa	4470
npr	4471
notes	4472
nose	4473
nickname	4474
netflixs	4475
nervously	4476
nassar	4477
myanmar	4478
mug	4479
mount	4480
motorcycle	4481
mosque	4482
moron	4483
morgan	4484
monument	4485
moderator	4486
mocked	4487
mock	4488
mixed	4489
mistakenly	4490
misleading	4491
mindfulness	4492
militants	4493
migrant	4494
method	4495
metal	4496
masturbating	4497
mary	4498
manning	4499
mandatory	4500
managing	4501
mama	4502
maine	4503
madonna	4504
machines	4505
loyalty	4506
loyal	4507
lovely	4508
looms	4509
lobster	4510
lip	4511
lifestyle	4512
liar	4513
leslie	4514
leonardo	4515
legalization	4516
landmark	4517
lame	4518
lacks	4519
lab	4520
knee	4521
kittens	4522
kitten	4523
joint	4524
jews	4525
jenna	4526
jealous	4527
jayz	4528
jacket	4529
ivory	4530
issa	4531
invitation	4532
invasion	4533
introduce	4534
intimate	4535
interviews	4536
intact	4537
inspiration	4538
innovative	4539
info	4540
individual	4541
increasing	4542
improved	4543
implants	4544
impeachment	4545
ignored	4546
hut	4547
hurting	4548
hunter	4549
hung	4550
humor	4551
hudson	4552
household	4553
hottest	4554
hostage	4555
holmes	4556
hiphop	4557
hint	4558
highspeed	4559
highschool	4560
highlight	4561
highest	4562
hemsworth	4563
heartfelt	4564
headline	4565
headed	4566
hatred	4567
harris	4568
happiest	4569
hang	4570
ham	4571
halt	4572
haircut	4573
hacks	4574
gwyneth	4575
grants	4576
grandmas	4577
graffiti	4578
governments	4579
gods	4580
gm	4581
glorious	4582
glenn	4583
generous	4584
garner	4585
gallup	4586
gallery	4587
fuels	4588
friendly	4589
foster	4590
fossil	4591
forprofit	4592
forms	4593
formal	4594
forgive	4595
forgets	4596
flip	4597
firefighters	4598
fest	4599
fell	4600
feeding	4601
farewell	4602
fallen	4603
extremists	4604
express	4605
explores	4606
explore	4607
explode	4608
existence	4609
executed	4610
excitedly	4611
exact	4612
evangelical	4613
eva	4614
establishment	4615
essentials	4616
er	4617
environmental	4618
envelope	4619
endless	4620
emotionally	4621
embassy	4622
elementary	4623
eight	4624
egyptian	4625
editorial	4626
earn	4627
earlier	4628
ear	4629
dreading	4630
doors	4631
dollars	4632
divided	4633
discusses	4634
disability	4635
dignity	4636
diego	4637
dicaprio	4638
dialogue	4639
dhs	4640
destroying	4641
desire	4642
dept	4643
deny	4644
democrat	4645
defiant	4646
defending	4647
danger	4648
d	4649
cutest	4650
curtain	4651
cuomo	4652
crude	4653
crossing	4654
creek	4655
crashing	4656
crap	4657
cow	4658
counter	4659
copy	4660
cooler	4661
cookies	4662
convince	4663
convicted	4664
contempt	4665
contain	4666
constituents	4667
consequences	4668
connecticut	4669
connected	4670
confirmation	4671
concludes	4672
conan	4673
con	4674
complain	4675
competition	4676
comedians	4677
comeback	4678
cocaine	4679
closes	4680
classroom	4681
classmates	4682
clark	4683
christians	4684
chooses	4685
chilling	4686
champion	4687
celebs	4688
cd	4689
cave	4690
caucus	4691
catching	4692
casino	4693
carol	4694
cares	4695
captured	4696
cannes	4697
busted	4698
bursts	4699
burn	4700
burden	4701
bullshit	4702
bucket	4703
bryan	4704
breath	4705
boo	4706
bolton	4707
bo	4708
blowing	4709
bloomberg	4710
bleeding	4711
bitter	4712
bitcoin	4713
beware	4714
berkeley	4715
beijing	4716
behold	4717
beard	4718
beans	4719
battles	4720
baton	4721
bathing	4722
bat	4723
based	4724
bartender	4725
barrel	4726
barbara	4727
banning	4728
balcony	4729
backup	4730
aware	4731
awakens	4732
attending	4733
athletes	4734
ate	4735
assad	4736
asians	4737
ashley	4738
arabia	4739
aquarium	4740
appoints	4741
apples	4742
anxious	4743
andy	4744
analytica	4745
analyst	4746
alltime	4747
alec	4748
aint	4749
aim	4750
ailes	4751
affects	4752
advertisers	4753
additional	4754
activism	4755
active	4756
aclu	4757
85	4758
80s	4759
78	4760
72	4761
58	4762
40000	4763
3yearold	4764
37	4765
26	4766
zuckerbergs	4767
z	4768
yorks	4769
ya	4770
wreck	4771
wow	4772
worship	4773
worries	4774
woes	4775
wives	4776
witch	4777
whenever	4778
wendy	4779
waters	4780
watermelon	4781
wasting	4782
warehouse	4783
wacky	4784
vomit	4785
visual	4786
visitors	4787
visa	4788
vets	4789
venezuela	4790
vegetarian	4791
vegan	4792
vagina	4793
vaccines	4794
va	4795
usda	4796
unusual	4797
unlikely	4798
universities	4799
unhinged	4800
undercover	4801
undecided	4802
tyson	4803
twin	4804
tvs	4805
turmoil	4806
turkeys	4807
tunnel	4808
tsarnaev	4809
truths	4810
trumpcare	4811
treasure	4812
trap	4813
transparency	4814
tpp	4815
tournament	4816
tornado	4817
tool	4818
tongue	4819
tommy	4820
tomi	4821
tide	4822
thrilled	4823
threaten	4824
theresa	4825
thai	4826
tested	4827
tesla	4828
terms	4829
teddy	4830
technique	4831
tearyeyed	4832
tear	4833
targeted	4834
tales	4835
takeover	4836
takeout	4837
tackling	4838
tackle	4839
syrians	4840
syndrome	4841
sympathy	4842
swiss	4843
sweeps	4844
sweating	4845
survey	4846
supply	4847
superman	4848
sucks	4849
successfully	4850
stylish	4851
stumbles	4852
stuffed	4853
streaming	4854
storage	4855
stepping	4856
stem	4857
stefani	4858
standoff	4859
stall	4860
stabbing	4861
splitting	4862
spice	4863
solved	4864
solidarity	4865
soft	4866
socks	4867
socalled	4868
sober	4869
smoker	4870
slur	4871
slope	4872
slice	4873
sleeps	4874
slavery	4875
simmons	4876
signed	4877
shoulder	4878
shortage	4879
shave	4880
sharply	4881
shade	4882
settle	4883
serving	4884
serves	4885
september	4886
sept	4887
selfesteem	4888
selection	4889
secure	4890
sears	4891
seals	4892
script	4893
scream	4894
scottish	4895
sasha	4896
santorum	4897
sandra	4898
samsung	4899
sacrifice	4900
ruth	4901
rupauls	4902
rumored	4903
rubios	4904
rowling	4905
rover	4906
rounds	4907
rocket	4908
robbery	4909
roads	4910
rip	4911
rider	4912
rhetoric	4913
resume	4914
result	4915
responses	4916
reputation	4917
replaced	4918
repeated	4919
reopens	4920
renewed	4921
removing	4922
reminded	4923
remarks	4924
reject	4925
refuge	4926
reflects	4927
refers	4928
reference	4929
reduces	4930
recount	4931
receiving	4932
recalled	4933
reached	4934
rankings	4935
ranger	4936
range	4937
ramadan	4938
raids	4939
quote	4940
qaeda	4941
pyramid	4942
pussy	4943
purpose	4944
purple	4945
purchased	4946
psychological	4947
prosecutors	4948
proposes	4949
promoting	4950
proclaims	4951
principles	4952
principal	4953
preparing	4954
precious	4955
powerball	4956
pours	4957
pour	4958
possibility	4959
portraits	4960
portland	4961
pork	4962
poorly	4963
pompeo	4964
polish	4965
pole	4966
pokemon	4967
plussize	4968
plug	4969
pleasure	4970
playlist	4971
plants	4972
pixar	4973
piss	4974
pilgrimage	4975
pie	4976
pics	4977
piano	4978
photography	4979
photograph	4980
peyton	4981
pee	4982
peanut	4983
patent	4984
patch	4985
pat	4986
parental	4987
paramount	4988
papers	4989
pals	4990
pakistan	4991
painting	4992
package	4993
overturn	4994
overnight	4995
outofcontrol	4996
outfit	4997
ourselves	4998
otherwise	4999
